{"meta":{"version":1,"warehouse":"2.2.0"},"models":{"Asset":[{"_id":"source/CNAME","path":"CNAME","modified":0,"renderable":0},{"_id":"source/img/icon_wechat.png","path":"img/icon_wechat.png","modified":0,"renderable":0},{"_id":"source/img/404-bg.jpg","path":"img/404-bg.jpg","modified":0,"renderable":0},{"_id":"themes/beantech/source/css/archive.styl","path":"css/archive.styl","modified":0,"renderable":1},{"_id":"themes/beantech/source/css/beantech.css","path":"css/beantech.css","modified":0,"renderable":1},{"_id":"themes/beantech/source/css/beantech.min.css","path":"css/beantech.min.css","modified":0,"renderable":1},{"_id":"themes/beantech/source/css/highlight.styl","path":"css/highlight.styl","modified":0,"renderable":1},{"_id":"themes/beantech/source/css/hux-blog.min.css","path":"css/hux-blog.min.css","modified":0,"renderable":1},{"_id":"themes/beantech/source/css/rocket.styl","path":"css/rocket.styl","modified":0,"renderable":1},{"_id":"themes/beantech/source/css/toc.styl","path":"css/toc.styl","modified":0,"renderable":1},{"_id":"themes/beantech/source/css/signature.styl","path":"css/signature.styl","modified":0,"renderable":1},{"_id":"themes/beantech/source/css/widget.styl","path":"css/widget.styl","modified":0,"renderable":1},{"_id":"themes/beantech/source/fonts/glyphicons-halflings-regular.eot","path":"fonts/glyphicons-halflings-regular.eot","modified":0,"renderable":1},{"_id":"themes/beantech/source/fonts/glyphicons-halflings-regular.ttf","path":"fonts/glyphicons-halflings-regular.ttf","modified":0,"renderable":1},{"_id":"themes/beantech/source/fonts/glyphicons-halflings-regular.woff","path":"fonts/glyphicons-halflings-regular.woff","modified":0,"renderable":1},{"_id":"themes/beantech/source/fonts/glyphicons-halflings-regular.woff2","path":"fonts/glyphicons-halflings-regular.woff2","modified":0,"renderable":1},{"_id":"themes/beantech/source/js/bootstrap.min.js","path":"js/bootstrap.min.js","modified":0,"renderable":1},{"_id":"themes/beantech/source/js/hux-blog.js","path":"js/hux-blog.js","modified":0,"renderable":1},{"_id":"themes/beantech/source/js/hux-blog.min.js","path":"js/hux-blog.min.js","modified":0,"renderable":1},{"_id":"themes/beantech/source/js/jquery.nav.js","path":"js/jquery.nav.js","modified":0,"renderable":1},{"_id":"themes/beantech/source/js/toc.js","path":"js/toc.js","modified":0,"renderable":1},{"_id":"themes/beantech/source/js/jquery.tagcloud.js","path":"js/jquery.tagcloud.js","modified":0,"renderable":1},{"_id":"themes/beantech/source/js/totop.js","path":"js/totop.js","modified":0,"renderable":1},{"_id":"source/img/header_img/Iron-Man-3.jpg","path":"img/header_img/Iron-Man-3.jpg","modified":0,"renderable":0},{"_id":"source/img/ironman-draw.png","path":"img/ironman-draw.png","modified":0,"renderable":0},{"_id":"themes/beantech/source/css/bootstrap.min.css","path":"css/bootstrap.min.css","modified":0,"renderable":1},{"_id":"themes/beantech/source/fonts/glyphicons-halflings-regular.svg","path":"fonts/glyphicons-halflings-regular.svg","modified":0,"renderable":1},{"_id":"themes/beantech/source/js/bootstrap.js","path":"js/bootstrap.js","modified":0,"renderable":1},{"_id":"themes/beantech/source/js/jquery.min.js","path":"js/jquery.min.js","modified":0,"renderable":1},{"_id":"source/img/contact-bg.jpg","path":"img/contact-bg.jpg","modified":0,"renderable":0},{"_id":"source/img/signature/BeanTechSign-white.png","path":"img/signature/BeanTechSign-white.png","modified":0,"renderable":0},{"_id":"themes/beantech/source/css/bootstrap.css","path":"css/bootstrap.css","modified":0,"renderable":1},{"_id":"themes/beantech/source/css/images/ironman.png","path":"css/images/ironman.png","modified":0,"renderable":1},{"_id":"themes/beantech/source/css/images/rocket.png","path":"css/images/rocket.png","modified":0,"renderable":1},{"_id":"source/img/header_img/tf-logo-dark.png","path":"img/header_img/tf-logo-dark.png","modified":0,"renderable":0},{"_id":"source/img/signature/BeanTechSign-black.png","path":"img/signature/BeanTechSign-black.png","modified":0,"renderable":0},{"_id":"themes/beantech/source/js/jquery.js","path":"js/jquery.js","modified":0,"renderable":1},{"_id":"source/img/beantech-desktop.png","path":"img/beantech-desktop.png","modified":0,"renderable":0},{"_id":"source/img/header_img/tag-bg.png","path":"img/header_img/tag-bg.png","modified":0,"renderable":0},{"_id":"source/img/header_img/home-bg-o.png","path":"img/header_img/home-bg-o.png","modified":0,"renderable":0},{"_id":"source/img/header_img/home-bg-2-dark.png","path":"img/header_img/home-bg-2-dark.png","modified":0,"renderable":0},{"_id":"source/img/header_img/archive-bg.png","path":"img/header_img/archive-bg.png","modified":0,"renderable":0},{"_id":"source/img/TDT.png","path":"img/TDT.png","modified":0,"renderable":0},{"_id":"source/img/header_img/laptop.jpg","path":"img/header_img/laptop.jpg","modified":0,"renderable":0},{"_id":"source/img/header_img/laptop2.jpg","path":"img/header_img/laptop2.jpg","modified":0,"renderable":0},{"_id":"source/img/laptop.jpg","path":"img/laptop.jpg","modified":0,"renderable":0}],"Cache":[{"_id":"source/404.md","hash":"8d0d831a77fe92a9e1530366ed90dec6d73d3aef","modified":1500692447012},{"_id":"source/CNAME","hash":"55d5b0b4757a7d65ee4966dd161f394d06d257b7","modified":1500692447013},{"_id":"themes/beantech/LICENSE","hash":"c48eaae47a703282e0ffe7b91d69366452046214","modified":1500692447121},{"_id":"themes/beantech/_config.yml","hash":"f0796b8e85fe6b3154a5fa442420003fe18dff0a","modified":1500692447121},{"_id":"source/_posts/Launch-Article.md","hash":"52535f7af1dded7561cf863f87f258587a333220","modified":1500701401736},{"_id":"source/_posts/TDT-Website-Uses-Serverless-Technologies.md","hash":"2369e2d9730ad96adb4882d5b9fc2fccfb87d2e9","modified":1500701241718},{"_id":"source/about/index.md","hash":"d4cf7207ded88c694ff6f620f36ce1b9774f1eee","modified":1500692447033},{"_id":"source/archive/index.md","hash":"21806fd262da492f2634d224f5846ccee9cd3b45","modified":1500692447035},{"_id":"source/img/icon_wechat.png","hash":"4188058026609de06c6cac88b349a2da831a1783","modified":1500692447109},{"_id":"source/tags/index.md","hash":"a4cdcade4001fdc71547462e0bd7feedee96038b","modified":1500692447119},{"_id":"themes/beantech/languages_to_be_added/de.yml","hash":"02a98ba2b93e30a00ae7979fbe90b767a27290f0","modified":1500692447123},{"_id":"themes/beantech/languages_to_be_added/default.yml","hash":"3cd0873b310cbf2fe022ee18d55a6113b347ea09","modified":1500692447123},{"_id":"themes/beantech/languages_to_be_added/en.yml","hash":"3cd0873b310cbf2fe022ee18d55a6113b347ea09","modified":1500692447124},{"_id":"themes/beantech/languages_to_be_added/es.yml","hash":"fb089145368422ac47da9eb00fed05b15c904aa2","modified":1500692447125},{"_id":"themes/beantech/languages_to_be_added/no.yml","hash":"5ce3a1043ff85cecf83f3b5b0cdad2df44fa0192","modified":1500692447126},{"_id":"themes/beantech/languages_to_be_added/pl.yml","hash":"6dc5d1b2aa75ae4c527089a770f43bafb91d80f4","modified":1500692447127},{"_id":"themes/beantech/languages_to_be_added/ru.yml","hash":"2cfaf93704ea4ac3f374c69bab89ca31916faa33","modified":1500692447128},{"_id":"themes/beantech/languages_to_be_added/zh-CN.yml","hash":"6d712d9eb6ba12213dcd76b532cd86e9da83cfa3","modified":1500692447129},{"_id":"themes/beantech/languages_to_be_added/zh-TW.yml","hash":"45c84384a05fdb7e32a3e2d498ea180be7dccfa9","modified":1500692447130},{"_id":"themes/beantech/layout/404.ejs","hash":"c9b488d74c21fe9f35f642a5d19a138099ddf8a8","modified":1500692447131},{"_id":"themes/beantech/layout/about.ejs","hash":"96c08fc3580b842ad9d8f37f2cdf02e6fa57d7bc","modified":1500692447144},{"_id":"themes/beantech/layout/index.ejs","hash":"f293cefe4bf9f9c6848dff08b6dac4aeb7948892","modified":1500692447146},{"_id":"themes/beantech/layout/archive.ejs","hash":"62781e8b0ce4de9c3db6042fedeaf13c26d138f8","modified":1500692447145},{"_id":"themes/beantech/layout/keynote.ejs","hash":"e177b9e4a159f40b512f4ae1bfd928be4ab60840","modified":1500692447147},{"_id":"themes/beantech/layout/layout.ejs","hash":"389fc11a45676f94b77ebd2cb0d658a0358979c8","modified":1500692447148},{"_id":"themes/beantech/layout/page.ejs","hash":"f7fc5282ad55131aa67dcde03c9189faa450a7c9","modified":1500692447149},{"_id":"themes/beantech/layout/post.ejs","hash":"5a408fd5d759e70dc95c23a993550cee7d1c6cd5","modified":1500692447150},{"_id":"themes/beantech/layout/tags.ejs","hash":"63911a99e6daf9968bfdd7d69f0d3d697039902e","modified":1500692447151},{"_id":"source/img/404-bg.jpg","hash":"68f7d525269a94287e0ad18713ae232fb59dcf71","modified":1500692447037},{"_id":"themes/beantech/layout/_partial/footer.ejs","hash":"e10fcabd0e61c2fa548a508c78ace79bd40c8ebc","modified":1500694349672},{"_id":"themes/beantech/layout/_partial/header.ejs","hash":"9aea336d3907735eedabcfb21c286cd54a01f45f","modified":1500692447134},{"_id":"themes/beantech/layout/_partial/head.ejs","hash":"258af22c0c8d5dce3f218f4cc8b2220f38a841b9","modified":1500692447133},{"_id":"themes/beantech/layout/_partial/nav.ejs","hash":"f07f065e2517067d56779276f47da610a00de817","modified":1500694238408},{"_id":"themes/beantech/layout/_partial/pagination.ejs","hash":"cd61e4dbbf6020ad094c8e66ec06e8c38ebcd122","modified":1500692447136},{"_id":"themes/beantech/layout/_partial/sidebar.ejs","hash":"bc7834dd769eeac94a76ffd9cfbb13a622861b62","modified":1500692447137},{"_id":"themes/beantech/layout/_partial/toc.ejs","hash":"a765433a33b3613f4664de2da48d0c58f68f8cd6","modified":1500692447138},{"_id":"themes/beantech/layout/_widget/archive.ejs","hash":"ad9fb0073d40fe90bfe3a1e3246e0b07e12b3ecf","modified":1500692447139},{"_id":"themes/beantech/layout/_widget/featured-tags.ejs","hash":"e29431fa78c81d7c521bb1f7be356651fcde959c","modified":1500692447141},{"_id":"themes/beantech/layout/_widget/category.ejs","hash":"c32e6fb8f3a07c5cbaffcebf93c357237c18b009","modified":1500692447140},{"_id":"themes/beantech/layout/_widget/friends-blog.ejs","hash":"b185fcffb0d181ddd9eb2259af38cf7d82fb2846","modified":1500692447142},{"_id":"themes/beantech/layout/_widget/recent-posts.ejs","hash":"814dd716083a8a75eb31f9d2d6ab28150b01c533","modified":1500692447143},{"_id":"themes/beantech/layout/_widget/short-about.ejs","hash":"91288381dbd98f1c6b91d419094934ff59437021","modified":1500692447144},{"_id":"themes/beantech/source/css/archive.styl","hash":"bcb216ef65804c97b1a5dbe5f519fc171a13aaf1","modified":1500692447152},{"_id":"themes/beantech/source/css/beantech.css","hash":"5e9bee0a553da83a3efd4e9bc975a0ebd13b1b7d","modified":1500692447153},{"_id":"themes/beantech/source/css/beantech.min.css","hash":"05a06230b1a9eca0b30cece54a397008cb77dc50","modified":1500692447154},{"_id":"themes/beantech/source/css/highlight.styl","hash":"831f8195f3577ba5bea374f2e24b90054d445055","modified":1500692447159},{"_id":"themes/beantech/source/css/hux-blog.min.css","hash":"1baef04de262aeb7023d835429b49a805ac4ab40","modified":1500692447160},{"_id":"themes/beantech/source/css/rocket.styl","hash":"0abbccdbcd6cce70e8a0bab7152c38adc0b708f1","modified":1500696332734},{"_id":"themes/beantech/source/css/toc.styl","hash":"5cbd5465aaabf8c3f75cefe331b9e495d2c62bd9","modified":1500692447165},{"_id":"themes/beantech/source/css/signature.styl","hash":"63ae8051f59d5e69544647cc4173eabc81d99aae","modified":1500692447164},{"_id":"themes/beantech/source/css/widget.styl","hash":"f996466e299c68274145ba5afaca9b6d1dd83114","modified":1500692447166},{"_id":"themes/beantech/source/fonts/glyphicons-halflings-regular.eot","hash":"86b6f62b7853e67d3e635f6512a5a5efc58ea3c3","modified":1500692447168},{"_id":"themes/beantech/source/fonts/glyphicons-halflings-regular.ttf","hash":"44bc1850f570972267b169ae18f1cb06b611ffa2","modified":1500692447171},{"_id":"themes/beantech/source/fonts/glyphicons-halflings-regular.woff","hash":"278e49a86e634da6f2a02f3b47dd9d2a8f26210f","modified":1500692447172},{"_id":"themes/beantech/source/fonts/glyphicons-halflings-regular.woff2","hash":"ca35b697d99cae4d1b60f2d60fcd37771987eb07","modified":1500692447173},{"_id":"themes/beantech/source/js/bootstrap.min.js","hash":"313da686ebbe387064f2d1899c64ea562b81eb40","modified":1500692447176},{"_id":"themes/beantech/source/js/hux-blog.js","hash":"3d3c93e42a9990b2a2e6df5a08e9816f9a221e0f","modified":1500692447177},{"_id":"themes/beantech/source/js/hux-blog.min.js","hash":"ee99af17a1a69ac8d85a695fed0349ba202789ae","modified":1500692447178},{"_id":"themes/beantech/source/js/jquery.nav.js","hash":"bc6383fa2aa8f437978cf044a3b6f10a65114398","modified":1500692447184},{"_id":"themes/beantech/source/js/toc.js","hash":"4ffe95b7755b035ee1b41664fa72b0ebea29c3f8","modified":1500692447185},{"_id":"themes/beantech/source/js/jquery.tagcloud.js","hash":"448017ff32f75f444ed7985d10a21b3ad92ab100","modified":1500692447185},{"_id":"themes/beantech/source/js/totop.js","hash":"f796b09b4f6177c3674a8c1542a8c92e8590cb5c","modified":1500692447186},{"_id":"source/img/header_img/Iron-Man-3.jpg","hash":"62a9a76854503c327990cc8d10de293ab6e9588f","modified":1500692447054},{"_id":"source/img/ironman-draw.png","hash":"7d6a06b4b544ab146c3b3e8474edc33f14ac6e4d","modified":1500692447112},{"_id":"themes/beantech/source/css/bootstrap.min.css","hash":"1818a346630e7133a1f194669f613f613fcfa97c","modified":1500692447159},{"_id":"themes/beantech/source/fonts/glyphicons-halflings-regular.svg","hash":"4dcf0ab896f5417047f881de91bad10dcbda48c6","modified":1500692447169},{"_id":"themes/beantech/source/js/bootstrap.js","hash":"5d69034fb6eded2e5961ea54dd47129a88cd5182","modified":1500692447175},{"_id":"themes/beantech/source/js/jquery.min.js","hash":"17a740d68a1c330876c198b6a4d9319f379f3af2","modified":1500692447182},{"_id":"source/_posts/hexo-theme-beantech/home_posts_tag-false.png","hash":"86a3a4320012981f2d42eabc6ea172425f2f941a","modified":1500692447029},{"_id":"source/img/contact-bg.jpg","hash":"6af63305c923899017e727b5ca968a2703bc08cf","modified":1500692447051},{"_id":"source/img/signature/BeanTechSign-white.png","hash":"34289ed41cf9ddac2d56be46fbb1515b7d5913cd","modified":1500692447118},{"_id":"themes/beantech/source/css/bootstrap.css","hash":"d1a24afac31222d70b4e001e0361ef045aa42043","modified":1500692447157},{"_id":"themes/beantech/source/css/images/ironman.png","hash":"2f0db0ab15d466c4065d9f6102fdf829726d9e3f","modified":1500692447162},{"_id":"themes/beantech/source/css/images/rocket.png","hash":"6dee0406955aa9b7a261161d30f2538a671e806b","modified":1500692447162},{"_id":"source/_posts/hexo-theme-beantech/home_posts_tag-true.png","hash":"a704520b43f26b88d650098f60689af3af5eb106","modified":1500692447032},{"_id":"source/img/header_img/tf-logo-dark.png","hash":"5c7bf8ade9de134f8c77a3c59e575abe9fc6cdd4","modified":1500692447108},{"_id":"source/img/signature/BeanTechSign-black.png","hash":"94b7102e819fd6ee082d3fb0166f4de7458c22ff","modified":1500692447116},{"_id":"themes/beantech/source/js/jquery.js","hash":"4bb763dc96da604aed08ac024a1a3f5de73eea39","modified":1500692447181},{"_id":"source/img/beantech-desktop.png","hash":"4a8f8b209c9db8fd5209f15b8e4590525e258b0f","modified":1500692447048},{"_id":"source/img/header_img/tag-bg.png","hash":"e83cd7b04ff85bcbc9bd3ebf5e57a55166e82568","modified":1500692447105},{"_id":"source/_posts/hexo-theme-beantech/Demo.png","hash":"d9fa12f1e40924a0db57761d09d52dce450b4f7b","modified":1500692447026},{"_id":"source/img/header_img/home-bg-o.png","hash":"134ece4cb4c49c7ca1403a5afe7f46d0e2f9ecbb","modified":1500692447096},{"_id":"source/img/header_img/home-bg-2-dark.png","hash":"da6a3d5ca787bdc25e69655abd879b4f821aeb30","modified":1500692447084},{"_id":"source/img/header_img/archive-bg.png","hash":"6bf9c224543ec54e250309db89cbdf46e0c4b5ba","modified":1500692447070},{"_id":"source/img/TDT.png","hash":"2ce488b24341045c4dc9cd3a253e504779ea1952","modified":1490837611685},{"_id":"source/img/header_img/desktop.jpg","hash":"5bd54c442970d5040f81db9440c129ed955b7056","modified":1500696810790},{"_id":"source/img/header_img/laptop.jpg","hash":"1fc4edcfd008f2a5766070e807a59951a6a63561","modified":1500700666032},{"_id":"source/img/header_img/laptop2.jpg","hash":"ceeb8d816d85f1d73078b81b5430e40593c2707a","modified":1500700775168},{"_id":"source/img/laptop.jpg","hash":"ceeb8d816d85f1d73078b81b5430e40593c2707a","modified":1500700775168},{"_id":"source/_posts/TDT-Website-Uses-Serverless-Technologies/laptop.jpg","hash":"ceeb8d816d85f1d73078b81b5430e40593c2707a","modified":1500700775168},{"_id":"source/_posts/hexo-theme-beantech/laptop.jpg","hash":"ceeb8d816d85f1d73078b81b5430e40593c2707a","modified":1500700775168}],"Category":[],"Data":[],"Page":[{"layout":"404","description":"你来到了没有知识的荒原 :(","header-img":"img/404-bg.jpg","_content":"","source":"404.md","raw":"---\nlayout: 404\ndescription: \"你来到了没有知识的荒原 :(\"\nheader-img: \"img/404-bg.jpg\"\n---\n","date":"2017-07-22T03:00:47.012Z","updated":"2017-07-22T03:00:47.012Z","path":"404.html","title":"","comments":1,"_id":"cj5eqf6m800007kpr4vhzn0ti","content":"","site":{"data":{}},"excerpt":"","more":""},{"layout":"about","title":"About","date":"2016-04-21T11:48:33.000Z","description":"Wish for the Best, Prepare for the Worst","header-img":"img/header_img/Iron-Man-3.jpg","comments":1,"_content":"\n> 光有好奇心而不去實踐，等於自願放棄成功機會\n> 別為自己畫地自限，Just Do It！！\n","source":"about/index.md","raw":"---\nlayout: \"about\"\ntitle: \"About\"\ndate: 2016-04-21 04:48:33\ndescription: \"Wish for the Best, Prepare for the Worst\"\nheader-img: \"img/header_img/Iron-Man-3.jpg\"\ncomments: true\n---\n\n> 光有好奇心而不去實踐，等於自願放棄成功機會\n> 別為自己畫地自限，Just Do It！！\n","updated":"2017-07-22T03:00:47.033Z","path":"about/index.html","_id":"cj5eqf6o500027kprpp7hxele","content":"<blockquote>\n<p>光有好奇心而不去實踐，等於自願放棄成功機會<br>\n別為自己畫地自限，Just Do It！！</p>\n</blockquote>\n","site":{"data":{}},"excerpt":"","more":"<blockquote>\n<p>光有好奇心而不去實踐，等於自願放棄成功機會<br>\n別為自己畫地自限，Just Do It！！</p>\n</blockquote>\n"},{"layout":"archive","title":"Archives","header-img":"img/header_img/archive-bg.png","comments":0,"date":"2017-03-21T03:49:56.000Z","description":"Hey, this is archives","_content":"","source":"archive/index.md","raw":"---\nlayout: \"archive\"\ntitle: \"Archives\"\nheader-img: \"img/header_img/archive-bg.png\"\ncomments: false\ndate: 2017-03-20 20:49:56\ndescription: \"Hey, this is archives\"\n---\n","updated":"2017-07-22T03:00:47.035Z","path":"archive/index.html","_id":"cj5eqf6oc00047kprlhmflx28","content":"","site":{"data":{}},"excerpt":"","more":""},{"layout":"tags","title":"Tags","description":"Hey, this is Tags.","header-img":"img/header_img/tag-bg.png","_content":"","source":"tags/index.md","raw":"---\nlayout: \"tags\"\ntitle: \"Tags\"\ndescription: \"Hey, this is Tags.\"\nheader-img: \"img/header_img/tag-bg.png\"\n---\n","date":"2017-07-22T03:00:47.119Z","updated":"2017-07-22T03:00:47.119Z","path":"tags/index.html","comments":1,"_id":"cj5eqf6oh00067kpri1ginnfh","content":"","site":{"data":{}},"excerpt":"","more":""}],"Post":[{"title":"TDT Website Uses Serverless Technologies","catalog":true,"date":"2017-07-21T07:00:00.000Z","subtitle":"S3, Lambda, and Hexo...","header-img":"laptop.jpg","catagories":["Updates"],"_content":"\n# AWS and Serverless Technologies for Web Applications:\n---\nThat’s right! We’ve started to take advantage of this technology to host our site and blog. We can host our applications without the need to worry about the underlying infrastructure. Scaling and security is handled (mostly) by the host – in our case Amazon Web Services. In a later post I’ll dive deeper into the exact architecture and explain how to create a serverless website.\n\nTutorials and reviews to come in the future!\n\n![Serverless](https://f5.com/Portals/1/Users/038/38/38/serverless%20Cropped.png)\n","source":"_posts/TDT-Website-Uses-Serverless-Technologies.md","raw":"---\ntitle: \"TDT Website Uses Serverless Technologies\"\ncatalog: true\ndate: 2017-07-21 \nsubtitle: \"S3, Lambda, and Hexo...\"\nheader-img: \"laptop.jpg\"\ntags:\n- AWS\n- S3\n- Lambda\n- Hexo\ncatagories:\n- Updates\n---\n\n# AWS and Serverless Technologies for Web Applications:\n---\nThat’s right! We’ve started to take advantage of this technology to host our site and blog. We can host our applications without the need to worry about the underlying infrastructure. Scaling and security is handled (mostly) by the host – in our case Amazon Web Services. In a later post I’ll dive deeper into the exact architecture and explain how to create a serverless website.\n\nTutorials and reviews to come in the future!\n\n![Serverless](https://f5.com/Portals/1/Users/038/38/38/serverless%20Cropped.png)\n","slug":"TDT-Website-Uses-Serverless-Technologies","published":1,"updated":"2017-07-22T05:27:21.718Z","_id":"cj5eqf6nz00017kprfecfgb1q","comments":1,"layout":"post","photos":[],"link":"","content":"<h1 id=\"aws-and-serverless-technologies-for-web-applications\">AWS and Serverless Technologies for Web Applications:</h1>\n<hr>\n<p>That’s right! We’ve started to take advantage of this technology to host our site and blog. We can host our applications without the need to worry about the underlying infrastructure. Scaling and security is handled (mostly) by the host – in our case Amazon Web Services. In a later post I’ll dive deeper into the exact architecture and explain how to create a serverless website.</p>\n<p>Tutorials and reviews to come in the future!</p>\n<p><img src=\"https://f5.com/Portals/1/Users/038/38/38/serverless%20Cropped.png\" alt=\"Serverless\"></p>\n","site":{"data":{}},"excerpt":"","more":"<h1>AWS and Serverless Technologies for Web Applications:</h1>\n<hr>\n<p>That’s right! We’ve started to take advantage of this technology to host our site and blog. We can host our applications without the need to worry about the underlying infrastructure. Scaling and security is handled (mostly) by the host – in our case Amazon Web Services. In a later post I’ll dive deeper into the exact architecture and explain how to create a serverless website.</p>\n<p>Tutorials and reviews to come in the future!</p>\n<p><img src=\"https://f5.com/Portals/1/Users/038/38/38/serverless%20Cropped.png\" alt=\"Serverless\"></p>\n"},{"title":"The Dev Techs Blog Has Launched!","catalog":true,"date":"2017-07-21T07:00:00.000Z","subtitle":"Your Source for Current Tech News","header-img":"laptop.jpg","catagories":["Updates"],"_content":"> Find our home site at [The Dev Techs](www.thedevtechs.com)\n\n# Summary\n---\nWe just wanted to announce to our followers that we have started a blog. The videos posted on our YouTube channel have been fairly popular, and it’s time that we branch out. We hope to continue to aid other developers, and hope to instill trust in current and future customers through our blog posts.\n\nTutorials and reviews to come in the future!\n\n![BeanTech Desktop](http://beantech.org/img/beantech-desktop.png)\n","source":"_posts/Launch-Article.md","raw":"---\ntitle: \"The Dev Techs Blog Has Launched!\"\ncatalog: true\ndate: 2017-07-21 \nsubtitle: \"Your Source for Current Tech News\"\nheader-img: \"laptop.jpg\"\ntags:\n- Blog\n- News\ncatagories:\n- Updates\n---\n> Find our home site at [The Dev Techs](www.thedevtechs.com)\n\n# Summary\n---\nWe just wanted to announce to our followers that we have started a blog. The videos posted on our YouTube channel have been fairly popular, and it’s time that we branch out. We hope to continue to aid other developers, and hope to instill trust in current and future customers through our blog posts.\n\nTutorials and reviews to come in the future!\n\n![BeanTech Desktop](http://beantech.org/img/beantech-desktop.png)\n","slug":"Launch-Article","published":1,"updated":"2017-07-22T05:32:37.642Z","_id":"cj5eqf6o800037kprdgoj3xvo","comments":1,"layout":"post","photos":[],"link":"","content":"<blockquote>\n<p>Find our home site at <a href=\"www.thedevtechs.com\">The Dev Techs</a></p>\n</blockquote>\n<h1 id=\"summary\">Summary</h1>\n<hr>\n<p>We just wanted to announce to our followers that we have started a blog. The videos posted on our YouTube channel have been fairly popular, and it’s time that we branch out. We hope to continue to aid other developers, and hope to instill trust in current and future customers through our blog posts.</p>\n<p>Tutorials and reviews to come in the future!</p>\n<p><img src=\"http://beantech.org/img/beantech-desktop.png\" alt=\"BeanTech Desktop\"></p>\n","site":{"data":{}},"excerpt":"","more":"<blockquote>\n<p>Find our home site at <a href=\"www.thedevtechs.com\">The Dev Techs</a></p>\n</blockquote>\n<h1>Summary</h1>\n<hr>\n<p>We just wanted to announce to our followers that we have started a blog. The videos posted on our YouTube channel have been fairly popular, and it’s time that we branch out. We hope to continue to aid other developers, and hope to instill trust in current and future customers through our blog posts.</p>\n<p>Tutorials and reviews to come in the future!</p>\n<p><img src=\"http://beantech.org/img/beantech-desktop.png\" alt=\"BeanTech Desktop\"></p>\n"}],"PostAsset":[{"_id":"source/_posts/TDT-Website-Uses-Serverless-Technologies/laptop.jpg","slug":"laptop.jpg","post":"cj5eqf6nz00017kprfecfgb1q","modified":0,"renderable":0}],"PostCategory":[],"PostTag":[{"post_id":"cj5eqf6o800037kprdgoj3xvo","tag_id":"cj5eqf6od00057kprtv1pcsix","_id":"cj5eqf6os000c7kprgrt4nkx9"},{"post_id":"cj5eqf6o800037kprdgoj3xvo","tag_id":"cj5eqf6on00077kpr5v91e7gs","_id":"cj5eqf6os000d7kprti4fyueo"},{"post_id":"cj5eqf6nz00017kprfecfgb1q","tag_id":"cj5eqn4t6000094pr8d932wif","_id":"cj5eqn4t8000494prnamf3qo2"},{"post_id":"cj5eqf6nz00017kprfecfgb1q","tag_id":"cj5eqn4t7000194prhf2eyeio","_id":"cj5eqn4t8000594pr1ftua69u"},{"post_id":"cj5eqf6nz00017kprfecfgb1q","tag_id":"cj5eqn4t7000294prziix9moy","_id":"cj5eqn4t8000694prwdm0f11r"},{"post_id":"cj5eqf6nz00017kprfecfgb1q","tag_id":"cj5eqn4t7000394pr96skc1wd","_id":"cj5eqn4t8000794prbxfg88ps"}],"Tag":[{"name":"Blog","_id":"cj5eqf6od00057kprtv1pcsix"},{"name":"News","_id":"cj5eqf6on00077kpr5v91e7gs"},{"name":"AWS","_id":"cj5eqn4t6000094pr8d932wif"},{"name":"S3","_id":"cj5eqn4t7000194prhf2eyeio"},{"name":"Lambda","_id":"cj5eqn4t7000294prziix9moy"},{"name":"Hexo","_id":"cj5eqn4t7000394pr96skc1wd"}]}}